{
    "root_group": {
        "groups": {},
        "checks": {},
        "name": "",
        "path": "",
        "id": "d41d8cd98f00b204e9800998ecf8427e"
    },
    "metrics": {
        "http_req_tls_handshaking": {
            "avg": 71.12122678795107,
            "min": 0,
            "med": 0,
            "max": 19942.1698,
            "p(90)": 0,
            "p(95)": 0
        },
        "data_sent": {
            "count": 950518,
            "rate": 11876.078806692209
        },
        "http_req_sending": {
            "max": 31239.3022,
            "p(90)": 0,
            "p(95)": 0,
            "avg": 1.9502591529973168,
            "min": 0,
            "med": 0
        },
        "http_req_duration{expected_response:true}": {
            "min": 130.8359,
            "med": 202.6774,
            "max": 5427.937,
            "p(90)": 597.72006,
            "p(95)": 880.3876449999983,
            "avg": 336.7620388454009
        },
        "iteration_duration": {
            "avg": 8721.792209057972,
            "min": 1766.7783,
            "med": 3316.9221,
            "max": 58339.4379,
            "p(90)": 38094.867510000004,
            "p(95)": 44974.34516999999
        },
        "http_req_waiting": {
            "med": 0,
            "max": 52134.5018,
            "p(90)": 786.08426,
            "p(95)": 918.9844599999999,
            "avg": 729.4664756576198,
            "min": 0
        },
        "data_received": {
            "count": 19817995,
            "rate": 247612.4286027536
        },
        "http_req_receiving": {
            "min": 0,
            "med": 0,
            "max": 23648.568,
            "p(90)": 1.0279200000000002,
            "p(95)": 3.1013799999999954,
            "avg": 13.828779916492675
        },
        "http_req_duration": {
            "p(90)": 793.4718,
            "p(95)": 924.72736,
            "avg": 745.2455147271099,
            "min": 0,
            "med": 0,
            "max": 52134.5018
        },
        "http_req_connecting": {
            "avg": 60.630823877124975,
            "min": 0,
            "med": 0,
            "max": 16006.1717,
            "p(90)": 0,
            "p(95)": 164.99749999999997
        },
        "http_req_blocked": {
            "p(90)": 0,
            "p(95)": 0,
            "avg": 122.84093006263055,
            "min": 0,
            "med": 0,
            "max": 22117.6062
        },
        "iterations": {
            "count": 828,
            "rate": 10.345299354605752
        },
        "vus": {
            "value": 616,
            "min": 0,
            "max": 10000
        },
        "http_reqs": {
            "count": 16765,
            "rate": 209.4673232849824
        },
        "http_req_failed": {
            "passes": 15743,
            "fails": 1022,
            "value": 0.9390396659707725
        },
        "vus_max": {
            "min": 7098,
            "max": 10000,
            "value": 10000
        }
    }
}