{
    "metrics": {
        "http_req_duration": {
            "p(90)": 7443.5999,
            "p(95)": 14617.97335,
            "avg": 2161.796337129259,
            "min": 0,
            "med": 200.8776,
            "max": 29382.1239
        },
        "http_req_receiving": {
            "p(95)": 174.17345,
            "avg": 60.58386738069083,
            "min": 0,
            "med": 0,
            "max": 14898.5337,
            "p(90)": 19.68175
        },
        "http_req_duration{expected_response:true}": {
            "avg": 3467.262580582429,
            "min": 80.0717,
            "med": 949.59095,
            "max": 29032.047,
            "p(90)": 12959.808930000001,
            "p(95)": 19346.949930000002
        },
        "vus": {
            "value": 616,
            "min": 0,
            "max": 9996
        },
        "http_req_blocked": {
            "p(95)": 805.216625,
            "avg": 195.33148156963264,
            "min": 0,
            "med": 0,
            "max": 17512.2277,
            "p(90)": 0
        },
        "iterations": {
            "count": 1989,
            "rate": 24.850704675152702
        },
        "http_reqs": {
            "count": 16386,
            "rate": 204.72782644899556
        },
        "iteration_duration": {
            "p(95)": 33426.0324,
            "avg": 7598.660771895421,
            "min": 1363.4636,
            "med": 4187.7338,
            "max": 48528.8378,
            "p(90)": 20656.516300000003
        },
        "vus_max": {
            "value": 10000,
            "min": 6261,
            "max": 10000
        },
        "http_req_failed": {
            "passes": 6462,
            "fails": 9924,
            "value": 0.3943610399121201
        },
        "http_req_sending": {
            "avg": 0.37431148541437775,
            "min": 0,
            "med": 0,
            "max": 263.8284,
            "p(90)": 0.5051,
            "p(95)": 0.9974500000000001
        },
        "http_req_connecting": {
            "avg": 1585.6948810997158,
            "min": 0,
            "med": 0,
            "max": 14054.9213,
            "p(90)": 6645.708549999999,
            "p(95)": 8749.57445
        },
        "http_req_tls_handshaking": {
            "avg": 136.62039676553155,
            "min": 0,
            "med": 0,
            "max": 15535.9746,
            "p(90)": 0,
            "p(95)": 531.140525
        },
        "data_received": {
            "count": 11555468,
            "rate": 144374.8228512707
        },
        "http_req_waiting": {
            "avg": 2100.8381582631564,
            "min": 0,
            "med": 197.3617,
            "max": 29382.1239,
            "p(90)": 7226.2780999999995,
            "p(95)": 14121.966625000001
        },
        "data_sent": {
            "rate": 46025.70401465371,
            "count": 3683804
        }
    },
    "root_group": {
        "path": "",
        "id": "d41d8cd98f00b204e9800998ecf8427e",
        "groups": {},
        "checks": {},
        "name": ""
    }
}